coin_name,coin_price
"<span class=""text-normal font-bold"">Continue in app</span>,<span class=""text-normal font-bold"">Continue in app</span>,<span class=""font-bold dropdown-item bg-transparent py-2"">Language</span>,<div class=""tw-text-2xl modal-title title-content font-bold"" id=""myModalLabel"">
Add Transaction to
<span class=""js-portfolio-title""></span>
</div>,<span class=""lg:tw-flex font-bold tw-items-center tw-justify-between"">
Bitcoin
</span>,<span class=""lg:tw-flex font-bold tw-items-center tw-justify-between"">
Ethereum
</span>,<span class=""lg:tw-flex font-bold tw-items-center tw-justify-between"">
Tether
</span>,<span class=""lg:tw-flex font-bold tw-items-center tw-justify-between"">
BNB
</span>,<span class=""lg:tw-flex font-bold tw-items-center tw-justify-between"">
USD Coin
</span>,<span class=""lg:tw-flex font-bold tw-items-center tw-justify-between"">
XRP
</span>,<span class=""lg:tw-flex font-bold tw-items-center tw-justify-between"">
Binance USD
</span>,<span class=""lg:tw-flex font-bold tw-items-center tw-justify-between"">
Cardano
</span>,<span class=""lg:tw-flex font-bold tw-items-center tw-justify-between"">
Solana
</span>,<span class=""lg:tw-flex font-bold tw-items-center tw-justify-between"">
Dogecoin
</span>,<span class=""lg:tw-flex font-bold tw-items-center tw-justify-between"">
Polkadot
</span>,<span class=""lg:tw-flex font-bold tw-items-center tw-justify-between"">
Polygon
</span>,<span class=""lg:tw-flex font-bold tw-items-center tw-justify-between"">
Shiba Inu
</span>,<span class=""lg:tw-flex font-bold tw-items-center tw-justify-between"">
Dai
</span>,<span class=""lg:tw-flex font-bold tw-items-center tw-justify-between"">
TRON
</span>,<span class=""lg:tw-flex font-bold tw-items-center tw-justify-between"">
Lido Staked Ether
</span>,<span class=""lg:tw-flex font-bold tw-items-center tw-justify-between"">
Uniswap
</span>,<span class=""lg:tw-flex font-bold tw-items-center tw-justify-between"">
Wrapped Bitcoin
</span>,<span class=""lg:tw-flex font-bold tw-items-center tw-justify-between"">
Avalanche
</span>,<span class=""lg:tw-flex font-bold tw-items-center tw-justify-between"">
OKB
</span>,<span class=""lg:tw-flex font-bold tw-items-center tw-justify-between"">
LEO Token
</span>,<span class=""lg:tw-flex font-bold tw-items-center tw-justify-between"">
Litecoin
</span>,<span class=""lg:tw-flex font-bold tw-items-center tw-justify-between"">
Cosmos Hub
</span>,<span class=""lg:tw-flex font-bold tw-items-center tw-justify-between"">
Chainlink
</span>,<span class=""lg:tw-flex font-bold tw-items-center tw-justify-between"">
Ethereum Classic
</span>,<span class=""lg:tw-flex font-bold tw-items-center tw-justify-between"">
FTX
</span>,<span class=""lg:tw-flex font-bold tw-items-center tw-justify-between"">
Stellar
</span>,<span class=""lg:tw-flex font-bold tw-items-center tw-justify-between"">
Cronos
</span>,<span class=""lg:tw-flex font-bold tw-items-center tw-justify-between"">
Monero
</span>,<span class=""lg:tw-flex font-bold tw-items-center tw-justify-between"">
Quant
</span>,<span class=""lg:tw-flex font-bold tw-items-center tw-justify-between"">
NEAR Protocol
</span>,<span class=""lg:tw-flex font-bold tw-items-center tw-justify-between"">
Algorand
</span>,<span class=""lg:tw-flex font-bold tw-items-center tw-justify-between"">
Bitcoin Cash
</span>,<span class=""lg:tw-flex font-bold tw-items-center tw-justify-between"">
Terra Luna Classic
</span>,<span class=""lg:tw-flex font-bold tw-items-center tw-justify-between"">
VeChain
</span>,<span class=""lg:tw-flex font-bold tw-items-center tw-justify-between"">
WhiteBIT Token
</span>,<span class=""lg:tw-flex font-bold tw-items-center tw-justify-between"">
Filecoin
</span>,<span class=""lg:tw-flex font-bold tw-items-center tw-justify-between"">
Flow
</span>,<span class=""lg:tw-flex font-bold tw-items-center tw-justify-between"">
Chain
</span>,<span class=""lg:tw-flex font-bold tw-items-center tw-justify-between"">
Hedera
</span>,<span class=""lg:tw-flex font-bold tw-items-center tw-justify-between"">
Elrond
</span>,<span class=""lg:tw-flex font-bold tw-items-center tw-justify-between"">
Frax
</span>,<span class=""lg:tw-flex font-bold tw-items-center tw-justify-between"">
ApeCoin
</span>,<span class=""lg:tw-flex font-bold tw-items-center tw-justify-between"">
Internet Computer
</span>,<span class=""lg:tw-flex font-bold tw-items-center tw-justify-between"">
Tezos
</span>,<span class=""lg:tw-flex font-bold tw-items-center tw-justify-between"">
Aave
</span>,<span class=""lg:tw-flex font-bold tw-items-center tw-justify-between"">
Decentraland
</span>,<span class=""lg:tw-flex font-bold tw-items-center tw-justify-between"">
The Sandbox
</span>,<span class=""lg:tw-flex font-bold tw-items-center tw-justify-between"">
EOS
</span>,<span class=""lg:tw-flex font-bold tw-items-center tw-justify-between"">
Tokenize Xchange
</span>,<span class=""lg:tw-flex font-bold tw-items-center tw-justify-between"">
Huobi
</span>,<span class=""lg:tw-flex font-bold tw-items-center tw-justify-between"">
Axie Infinity
</span>,<span class=""lg:tw-flex font-bold tw-items-center tw-justify-between"">
Lido DAO
</span>,<span class=""lg:tw-flex font-bold tw-items-center tw-justify-between"">
Theta Network
</span>,<span class=""lg:tw-flex font-bold tw-items-center tw-justify-between"">
cUSDC
</span>,<span class=""lg:tw-flex font-bold tw-items-center tw-justify-between"">
Aptos
</span>,<span class=""lg:tw-flex font-bold tw-items-center tw-justify-between"">
Maker
</span>,<span class=""lg:tw-flex font-bold tw-items-center tw-justify-between"">
KuCoin
</span>,<span class=""lg:tw-flex font-bold tw-items-center tw-justify-between"">
Chiliz
</span>,<span class=""lg:tw-flex font-bold tw-items-center tw-justify-between"">
Bitcoin SV
</span>,<span class=""lg:tw-flex font-bold tw-items-center tw-justify-between"">
Pax Dollar
</span>,<span class=""lg:tw-flex font-bold tw-items-center tw-justify-between"">
TrueUSD
</span>,<span class=""lg:tw-flex font-bold tw-items-center tw-justify-between"">
BitTorrent
</span>,<span class=""lg:tw-flex font-bold tw-items-center tw-justify-between"">
USDD
</span>,<span class=""lg:tw-flex font-bold tw-items-center tw-justify-between"">
eCash
</span>,<span class=""lg:tw-flex font-bold tw-items-center tw-justify-between"">
IOTA
</span>,<span class=""lg:tw-flex font-bold tw-items-center tw-justify-between"">
EthereumPoW
</span>,<span class=""lg:tw-flex font-bold tw-items-center tw-justify-between"">
Zcash
</span>,<span class=""lg:tw-flex font-bold tw-items-center tw-justify-between"">
PancakeSwap
</span>,<span class=""lg:tw-flex font-bold tw-items-center tw-justify-between"">
Gate
</span>,<span class=""lg:tw-flex font-bold tw-items-center tw-justify-between"">
cDAI
</span>,<span class=""lg:tw-flex font-bold tw-items-center tw-justify-between"">
The Graph
</span>,<span class=""lg:tw-flex font-bold tw-items-center tw-justify-between"">
NEO
</span>,<span class=""lg:tw-flex font-bold tw-items-center tw-justify-between"">
Synthetix Network
</span>,<span class=""lg:tw-flex font-bold tw-items-center tw-justify-between"">
Helium
</span>,<span class=""lg:tw-flex font-bold tw-items-center tw-justify-between"">
Osmosis
</span>,<span class=""lg:tw-flex font-bold tw-items-center tw-justify-between"">
cETH
</span>,<span class=""lg:tw-flex font-bold tw-items-center tw-justify-between"">
Radix
</span>,<span class=""lg:tw-flex font-bold tw-items-center tw-justify-between"">
Evmos
</span>,<span class=""lg:tw-flex font-bold tw-items-center tw-justify-between"">
Fantom
</span>,<span class=""lg:tw-flex font-bold tw-items-center tw-justify-between"">
Arweave
</span>,<span class=""lg:tw-flex font-bold tw-items-center tw-justify-between"">
NEXO
</span>,<span class=""lg:tw-flex font-bold tw-items-center tw-justify-between"">
PAX Gold
</span>,<span class=""lg:tw-flex font-bold tw-items-center tw-justify-between"">
Ethereum Name Service
</span>,<span class=""lg:tw-flex font-bold tw-items-center tw-justify-between"">
Curve DAO
</span>,<span class=""lg:tw-flex font-bold tw-items-center tw-justify-between"">
BitDAO
</span>,<span class=""lg:tw-flex font-bold tw-items-center tw-justify-between"">
Trust Wallet
</span>,<span class=""lg:tw-flex font-bold tw-items-center tw-justify-between"">
Zilliqa
</span>,<span class=""lg:tw-flex font-bold tw-items-center tw-justify-between"">
Dash
</span>,<span class=""lg:tw-flex font-bold tw-items-center tw-justify-between"">
THORChain
</span>,<span class=""lg:tw-flex font-bold tw-items-center tw-justify-between"">
Casper Network
</span>,<span class=""lg:tw-flex font-bold tw-items-center tw-justify-between"">
XDC Network
</span>,<span class=""lg:tw-flex font-bold tw-items-center tw-justify-between"">
Enjin Coin
</span>,<span class=""lg:tw-flex font-bold tw-items-center tw-justify-between"">
Kava
</span>,<span class=""lg:tw-flex font-bold tw-items-center tw-justify-between"">
Basic Attention
</span>,<span class=""lg:tw-flex font-bold tw-items-center tw-justify-between"">
Celsius Network
</span>,<span class=""lg:tw-flex font-bold tw-items-center tw-justify-between"">
Frax Share
</span>,<span class=""lg:tw-flex font-bold tw-items-center tw-justify-between"">
Klaytn
</span>,<span class=""lg:tw-flex font-bold tw-items-center tw-justify-between"">
Tether Gold
</span>,<span class=""lg:tw-flex font-bold tw-items-center tw-justify-between"">
Rocket Pool
</span>","<span class=""no-wrap"" data-price-btc=""1.0"" data-coin-id=""1"" data-coin-symbol=""btc"" data-target=""price.price"">$19,172.72</span>,<span class=""no-wrap"" data-price-btc=""1213082.85885874"" data-no-decimal=""true"" data-target=""price.price"">$23,258,930,810</span>,<span class=""no-wrap"" data-price-btc=""19184362.0"" data-target=""price.price"">$367,810,076,541</span>,<span class=""no-wrap"" data-price-btc=""21000000.0"" data-target=""price.price"">$402,620,196,979</span>,<span class=""no-wrap"" data-price-btc=""0.0675602107025656"" data-coin-id=""279"" data-coin-symbol=""eth"" data-target=""price.price"">$1,295.36</span>,<span class=""no-wrap"" data-price-btc=""427084.666194896"" data-no-decimal=""true"" data-target=""price.price"">$8,188,667,929</span>,<span class=""no-wrap"" data-price-btc=""8142825.57975602"" data-target=""price.price"">$156,121,290,650</span>,<span class=""no-wrap"" data-price-btc=""8142825.579756016"" data-target=""price.price"">$156,121,290,650</span>,<span class=""no-wrap"" data-price-btc=""0.000052192680684215"" data-coin-id=""325"" data-coin-symbol=""usdt"" data-target=""price.price"">$1.00</span>,<span class=""no-wrap"" data-price-btc=""1585541.82937163"" data-no-decimal=""true"" data-target=""price.price"">$30,399,378,491</span>,<span class=""no-wrap"" data-price-btc=""3572722.58936115"" data-target=""price.price"">$68,499,325,734</span>,<span class=""no-wrap"" data-price-btc=""3572722.5893611535"" data-target=""price.price"">$68,499,325,734</span>,<span class=""no-wrap"" data-price-btc=""0.0142155929981954"" data-coin-id=""825"" data-coin-symbol=""bnb"" data-target=""price.price"">$272.56</span>,<span class=""no-wrap"" data-price-btc=""20323.0767473077"" data-no-decimal=""true"" data-target=""price.price"">$389,662,612</span>,<span class=""no-wrap"" data-price-btc=""2321239.36120951"" data-target=""price.price"">$44,505,392,196</span>,<span class=""no-wrap"" data-price-btc=""2347394.8079692232"" data-target=""price.price"">$45,006,873,618</span>,<span class=""no-wrap"" data-price-btc=""0.0000521904803069753"" data-coin-id=""6319"" data-coin-symbol=""usdc"" data-target=""price.price"">$1.00</span>,<span class=""no-wrap"" data-price-btc=""135793.087430523"" data-no-decimal=""true"" data-target=""price.price"">$2,603,486,713</span>,<span class=""no-wrap"" data-price-btc=""2313506.63492086"" data-target=""price.price"">$44,356,548,993</span>,<span class=""no-wrap"" data-price-btc=""2313931.148194318"" data-target=""price.price"">$44,364,688,129</span>,<span class=""no-wrap"" data-price-btc=""0.0000241213676499229"" data-coin-id=""44"" data-coin-symbol=""xrp"" data-target=""price.price"">$0.462489</span>,<span class=""no-wrap"" data-price-btc=""79126.376727299"" data-no-decimal=""true"" data-target=""price.price"">$1,517,122,188</span>,<span class=""no-wrap"" data-price-btc=""1203643.99832956"" data-target=""price.price"">$23,077,606,345</span>,<span class=""no-wrap"" data-price-btc=""2412740.031046362"" data-target=""price.price"">$46,259,745,179</span>,<span class=""no-wrap"" data-price-btc=""0.0000521910617212498"" data-coin-id=""9576"" data-coin-symbol=""busd"" data-target=""price.price"">$1.00</span>,<span class=""no-wrap"" data-price-btc=""308964.103755172"" data-no-decimal=""true"" data-target=""price.price"">$5,923,600,047</span>,<span class=""no-wrap"" data-price-btc=""1133090.13358924"" data-target=""price.price"">$21,725,610,798</span>,<span class=""no-wrap"" data-price-btc=""1133090.1335892393"" data-target=""price.price"">$21,725,610,798</span>,<span class=""no-wrap"" data-price-btc=""0.0000184482929353811"" data-coin-id=""975"" data-coin-symbol=""ada"" data-target=""price.price"">$0.353699</span>,<span class=""no-wrap"" data-price-btc=""21217.5873909639"" data-no-decimal=""true"" data-target=""price.price"">$406,793,217</span>,<span class=""no-wrap"" data-price-btc=""623884.173702929"" data-target=""price.price"">$11,961,803,810</span>,<span class=""no-wrap"" data-price-btc=""830117.3824463404"" data-target=""price.price"">$15,915,937,103</span>,<span class=""no-wrap"" data-price-btc=""0.00152902098328149"" data-coin-id=""4128"" data-coin-symbol=""sol"" data-target=""price.price"">$29.32</span>,<span class=""no-wrap"" data-price-btc=""42204.3992947526"" data-no-decimal=""true"" data-target=""price.price"">$809,202,105</span>,<span class=""no-wrap"" data-price-btc=""547566.549622134"" data-target=""price.price"">$10,498,419,204</span>,<span class=""no-wrap"" data-price-btc=""0.00000312347912261783"" data-coin-id=""5"" data-coin-symbol=""doge"" data-target=""price.price"">$0.059884759593</span>,<span class=""no-wrap"" data-price-btc=""15934.1637129805"" data-no-decimal=""true"" data-target=""price.price"">$305,497,020</span>,<span class=""no-wrap"" data-price-btc=""426541.683512154"" data-target=""price.price"">$8,178,025,858</span>,<span class=""no-wrap"" data-price-btc=""0.000319219121541237"" data-coin-id=""12171"" data-coin-symbol=""dot"" data-target=""price.price"">$6.12</span>,<span class=""no-wrap"" data-price-btc=""13367.0918621002"" data-no-decimal=""true"" data-target=""price.price"">$256,292,686</span>,<span class=""no-wrap"" data-price-btc=""371319.469724922"" data-target=""price.price"">$7,119,257,841</span>,<span class=""no-wrap"" data-price-btc=""397168.4292240773"" data-target=""price.price"">$7,614,856,436</span>,<span class=""no-wrap"" data-price-btc=""0.0000438875644995951"" data-coin-id=""4713"" data-coin-symbol=""matic"" data-target=""price.price"">$0.841474</span>,<span class=""no-wrap"" data-price-btc=""25371.0454902803"" data-no-decimal=""true"" data-target=""price.price"">$486,449,369</span>,<span class=""no-wrap"" data-price-btc=""326506.014280247"" data-target=""price.price"">$6,260,137,779</span>,<span class=""no-wrap"" data-price-btc=""438763.7608022528"" data-target=""price.price"">$8,412,468,607</span>,<span class=""no-wrap"" data-price-btc=""0.000000000523398223329282"" data-coin-id=""11939"" data-coin-symbol=""shib"" data-target=""price.price"">$0.000010035327</span>,<span class=""no-wrap"" data-price-btc=""9613.47829677853"" data-no-decimal=""true"" data-target=""price.price"">$184,323,128</span>,<span class=""no-wrap"" data-price-btc=""308315.33524636"" data-target=""price.price"">$5,911,365,775</span>,<span class=""no-wrap"" data-price-btc=""0.0000521857137522998"" data-coin-id=""9956"" data-coin-symbol=""dai"" data-target=""price.price"">$1.00</span>,<span class=""no-wrap"" data-price-btc=""11748.1014710488"" data-no-decimal=""true"" data-target=""price.price"">$225,244,756</span>,<span class=""no-wrap"" data-price-btc=""306303.603109233"" data-target=""price.price"">$5,872,717,447</span>,<span class=""no-wrap"" data-price-btc=""306303.60310923273"" data-target=""price.price"">$5,872,717,447</span>,<span class=""no-wrap"" data-price-btc=""0.00000325490574037323"" data-coin-id=""1094"" data-coin-symbol=""trx"" data-target=""price.price"">$0.062407630984</span>,<span class=""no-wrap"" data-price-btc=""16110.13566664"" data-no-decimal=""true"" data-target=""price.price"">$308,886,180</span>,<span class=""no-wrap"" data-price-btc=""300470.638010088"" data-target=""price.price"">$5,760,882,798</span>,<span class=""no-wrap"" data-price-btc=""331722.6915031553"" data-target=""price.price"">$6,360,074,182</span>,<span class=""no-wrap"" data-price-btc=""0.0673827916554113"" data-coin-id=""13442"" data-coin-symbol=""steth"" data-target=""price.price"">$1,291.89</span>,<span class=""no-wrap"" data-price-btc=""2230.11087122299"" data-no-decimal=""true"" data-target=""price.price"">$42,756,698</span>,<span class=""no-wrap"" data-price-btc=""299759.086011015"" data-target=""price.price"">$5,747,512,085</span>,<span class=""no-wrap"" data-price-btc=""299759.08601101476"" data-target=""price.price"">$5,747,512,085</span>,<span class=""no-wrap"" data-price-btc=""0.000336409817551906"" data-coin-id=""12504"" data-coin-symbol=""Uni"" data-target=""price.price"">$6.45</span>,<span class=""no-wrap"" data-price-btc=""9119.8281856653"" data-no-decimal=""true"" data-target=""price.price"">$174,858,173</span>,<span class=""no-wrap"" data-price-btc=""253470.873965137"" data-target=""price.price"">$4,859,762,695</span>,<span class=""no-wrap"" data-price-btc=""336272.3307651076"" data-target=""price.price"">$6,447,303,798</span>,<span class=""no-wrap"" data-price-btc=""1.00012183268568"" data-coin-id=""7598"" data-coin-symbol=""wbtc"" data-target=""price.price"">$19,175.74</span>,<span class=""no-wrap"" data-price-btc=""5797.82840914133"" data-no-decimal=""true"" data-target=""price.price"">$111,164,121</span>,<span class=""no-wrap"" data-price-btc=""244860.511495869"" data-target=""price.price"">$4,694,677,383</span>,<span class=""no-wrap"" data-price-btc=""244860.5114958691"" data-target=""price.price"">$4,694,677,383</span>,<span class=""no-wrap"" data-price-btc=""0.000794240618319691"" data-coin-id=""12559"" data-coin-symbol=""avax"" data-target=""price.price"">$15.23</span>,<span class=""no-wrap"" data-price-btc=""11920.5271169627"" data-no-decimal=""true"" data-target=""price.price"">$228,545,757</span>,<span class=""no-wrap"" data-price-btc=""235561.95545209"" data-target=""price.price"">$4,516,397,429</span>,<span class=""no-wrap"" data-price-btc=""572153.7945864473"" data-target=""price.price"">$10,969,827,118</span>,<span class=""no-wrap"" data-price-btc=""0.000821878722928628"" data-coin-id=""4463"" data-coin-symbol=""okb"" data-target=""price.price"">$15.76</span>,<span class=""no-wrap"" data-price-btc=""1159.52877512751"" data-no-decimal=""true"" data-target=""price.price"">$22,231,012</span>,<span class=""no-wrap"" data-price-btc=""206807.380042514"" data-target=""price.price"">$3,965,201,971</span>,<span class=""no-wrap"" data-price-btc=""0.000212153140425072"" data-coin-id=""8418"" data-coin-symbol=""leo"" data-target=""price.price"">$4.07</span>,<span class=""no-wrap"" data-price-btc=""99.2783636097239"" data-no-decimal=""true"" data-target=""price.price"">$1,903,504</span>,<span class=""no-wrap"" data-price-btc=""198073.337776256"" data-target=""price.price"">$3,797,740,628</span>,<span class=""no-wrap"" data-price-btc=""0.00269574808271774"" data-coin-id=""2"" data-coin-symbol=""ltc"" data-target=""price.price"">$51.69</span>,<span class=""no-wrap"" data-price-btc=""11665.4114621067"" data-no-decimal=""true"" data-target=""price.price"">$223,665,676</span>,<span class=""no-wrap"" data-price-btc=""192563.802301205"" data-target=""price.price"">$3,691,999,669</span>,<span class=""no-wrap"" data-price-btc=""226461.17646941377"" data-target=""price.price"">$4,341,909,428</span>,<span class=""no-wrap"" data-price-btc=""0.000620772727823437"" data-coin-id=""1481"" data-coin-symbol=""atom"" data-target=""price.price"">$11.90</span>,<span class=""no-wrap"" data-price-btc=""11406.7017647527"" data-no-decimal=""true"" data-target=""price.price"">$218,694,464</span>,<span class=""no-wrap"" data-price-btc=""181664.42029937"" data-target=""price.price"">$3,483,073,055</span>,<span class=""no-wrap"" data-price-btc=""0.00035712007950899"" data-coin-id=""877"" data-coin-symbol=""link"" data-target=""price.price"">$6.85</span>,<span class=""no-wrap"" data-price-btc=""14949.0365263354"" data-no-decimal=""true"" data-target=""price.price"">$286,623,955</span>,<span class=""no-wrap"" data-price-btc=""175575.103865969"" data-target=""price.price"">$3,366,321,883</span>,<span class=""no-wrap"" data-price-btc=""357150.3542330813"" data-target=""price.price"">$6,847,685,273</span>,<span class=""no-wrap"" data-price-btc=""0.00118409487858713"" data-coin-id=""453"" data-coin-symbol=""etc"" data-target=""price.price"">$22.70</span>,<span class=""no-wrap"" data-price-btc=""10495.1438967995"" data-no-decimal=""true"" data-target=""price.price"">$201,227,661</span>,<span class=""no-wrap"" data-price-btc=""162770.846864087"" data-target=""price.price"">$3,120,783,375</span>,<span class=""no-wrap"" data-price-btc=""249478.13012968432"" data-target=""price.price"">$4,783,210,359</span>,<span class=""no-wrap"" data-price-btc=""0.00118074096788987"" data-coin-id=""9026"" data-coin-symbol=""ftt"" data-target=""price.price"">$22.64</span>,<span class=""no-wrap"" data-price-btc=""1990.2492856185"" data-no-decimal=""true"" data-target=""price.price"">$38,159,859</span>,<span class=""no-wrap"" data-price-btc=""157830.327173638"" data-target=""price.price"">$3,026,059,461</span>,<span class=""no-wrap"" data-price-btc=""388770.67320819374"" data-target=""price.price"">$7,453,847,399</span>,<span class=""no-wrap"" data-price-btc=""0.00000585666854858139"" data-coin-id=""100"" data-coin-symbol=""xlm"" data-target=""price.price"">$0.112292</span>,<span class=""no-wrap"" data-price-btc=""4665.96076969667"" data-no-decimal=""true"" data-target=""price.price"">$89,462,363</span>,<span class=""no-wrap"" data-price-btc=""150045.974542189"" data-target=""price.price"">$2,876,848,918</span>,<span class=""no-wrap"" data-price-btc=""292846.6709161586"" data-target=""price.price"">$5,614,783,275</span>,<span class=""no-wrap"" data-price-btc=""0.00000546313237465737"" data-coin-id=""7310"" data-coin-symbol=""cro"" data-target=""price.price"">$0.104747</span>,<span class=""no-wrap"" data-price-btc=""1490.20883541359"" data-no-decimal=""true"" data-target=""price.price"">$28,572,380</span>,<span class=""no-wrap"" data-price-btc=""138024.235891872"" data-target=""price.price"">$2,646,319,958</span>,<span class=""no-wrap"" data-price-btc=""0.00750183632684653"" data-coin-id=""69"" data-coin-symbol=""xmr"" data-target=""price.price"">$143.83</span>,<span class=""no-wrap"" data-price-btc=""5126.66728968012"" data-no-decimal=""true"" data-target=""price.price"">$98,290,792</span>,<span class=""no-wrap"" data-price-btc=""136131.153011085"" data-target=""price.price"">$2,610,024,137</span>,<span class=""no-wrap"" data-price-btc=""0.00906075049878556"" data-coin-id=""3370"" data-coin-symbol=""qnt"" data-target=""price.price"">$173.72</span>,<span class=""no-wrap"" data-price-btc=""6117.76708914693"" data-no-decimal=""true"" data-target=""price.price"">$117,292,608</span>,<span class=""no-wrap"" data-price-btc=""131684.02713882"" data-target=""price.price"">$2,524,759,996</span>,<span class=""no-wrap"" data-price-btc=""132302.43992183098"" data-target=""price.price"">$2,536,616,740</span>,<span class=""no-wrap"" data-price-btc=""0.000150931020119648"" data-coin-id=""10365"" data-coin-symbol=""near"" data-target=""price.price"">$2.89</span>,<span class=""no-wrap"" data-price-btc=""7150.72495474605"" data-no-decimal=""true"" data-target=""price.price"">$137,103,757</span>,<span class=""no-wrap"" data-price-btc=""122822.707881865"" data-target=""price.price"">$2,354,863,123</span>,<span class=""no-wrap"" data-price-btc=""151012.3745292515"" data-target=""price.price"">$2,895,339,779</span>,<span class=""no-wrap"" data-price-btc=""0.000016317713193538"" data-coin-id=""4380"" data-coin-symbol=""algo"" data-target=""price.price"">$0.312851</span>,<span class=""no-wrap"" data-price-btc=""3504.10019162045"" data-no-decimal=""true"" data-target=""price.price"">$67,182,200</span>,<span class=""no-wrap"" data-price-btc=""114537.813297369"" data-target=""price.price"">$2,196,046,813</span>,<span class=""no-wrap"" data-price-btc=""163170.5211594949"" data-target=""price.price"">$3,128,487,376</span>,<span class=""no-wrap"" data-price-btc=""0.0056147325321343"" data-coin-id=""780"" data-coin-symbol=""bch"" data-target=""price.price"">$107.65</span>,<span class=""no-wrap"" data-price-btc=""23106.9436407743"" data-no-decimal=""true"" data-target=""price.price"">$443,038,824</span>,<span class=""no-wrap"" data-price-btc=""107841.108825552"" data-target=""price.price"">$2,067,622,956</span>,<span class=""no-wrap"" data-price-btc=""117915.01749420044"" data-target=""price.price"">$2,260,768,641</span>,<span class=""no-wrap"" data-price-btc=""0.0000000130757173829268"" data-coin-id=""8284"" data-coin-symbol=""lunc"" data-target=""price.price"">$0.000250693589</span>,<span class=""no-wrap"" data-price-btc=""10880.4556018012"" data-no-decimal=""true"" data-target=""price.price"">$208,605,034</span>,<span class=""no-wrap"" data-price-btc=""90030.2697457352"" data-target=""price.price"">$1,726,138,153</span>,<span class=""no-wrap"" data-price-btc=""90321.75753015783"" data-target=""price.price"">$1,731,726,809</span>,<span class=""no-wrap"" data-price-btc=""0.0000011736691170374"" data-coin-id=""1167"" data-coin-symbol=""vet"" data-target=""price.price"">$0.022502117080</span>,<span class=""no-wrap"" data-price-btc=""2918.43658504853"" data-no-decimal=""true"" data-target=""price.price"">$55,953,591</span>,<span class=""no-wrap"" data-price-btc=""85110.7814459329"" data-target=""price.price"">$1,631,817,471</span>,<span class=""no-wrap"" data-price-btc=""101779.93929502611"" data-target=""price.price"">$1,951,412,974</span>,<span class=""no-wrap"" data-price-btc=""0.00070710763067141"" data-coin-id=""27045"" data-coin-symbol=""wbt"" data-target=""price.price"">$13.56</span>,<span class=""no-wrap"" data-price-btc=""546.092694830157"" data-no-decimal=""true"" data-target=""price.price"">$10,470,457</span>,<span class=""no-wrap"" data-price-btc=""79645.8267071619"" data-target=""price.price"">$1,527,081,814</span>,<span class=""no-wrap"" data-price-btc=""282843.0522685638"" data-target=""price.price"">$5,423,064,826</span>,<span class=""no-wrap"" data-price-btc=""0.000263274584002299"" data-coin-id=""12817"" data-coin-symbol=""fil"" data-target=""price.price"">$5.05</span>,<span class=""no-wrap"" data-price-btc=""4182.84343748546"" data-no-decimal=""true"" data-target=""price.price"">$80,199,358</span>,<span class=""no-wrap"" data-price-btc=""79506.2725982875"" data-target=""price.price"">$1,524,362,983</span>,<span class=""no-wrap"" data-price-btc=""517866.9288783619"" data-target=""price.price"">$9,928,992,403</span>,<span class=""no-wrap"" data-price-btc=""0.0000764847386946847"" data-coin-id=""13446"" data-coin-symbol=""flow"" data-target=""price.price"">$1.47</span>,<span class=""no-wrap"" data-price-btc=""1531.73930184069"" data-no-decimal=""true"" data-target=""price.price"">$29,367,201</span>,<span class=""no-wrap"" data-price-btc=""79217.2146001808"" data-target=""price.price"">$1,518,820,913</span>,<span class=""no-wrap"" data-price-btc=""103921.18871813074"" data-target=""price.price"">$1,992,466,859</span>,<span class=""no-wrap"" data-price-btc=""0.0000036859530263352"" data-coin-id=""24210"" data-coin-symbol=""xcn"" data-target=""price.price"">$0.070668764601</span>,<span class=""no-wrap"" data-price-btc=""3108.39001667949"" data-no-decimal=""true"" data-target=""price.price"">$59,595,464</span>,<span class=""no-wrap"" data-price-btc=""79137.4376401808"" data-target=""price.price"">$1,517,311,294</span>,<span class=""no-wrap"" data-price-btc=""196972.68314349977"" data-target=""price.price"">$3,776,580,159</span>,<span class=""no-wrap"" data-price-btc=""0.00000310130458560429"" data-coin-id=""3688"" data-coin-symbol=""hbar"" data-target=""price.price"">$0.059462573600</span>,<span class=""no-wrap"" data-price-btc=""1893.67739076893"" data-no-decimal=""true"" data-target=""price.price"">$36,308,246</span>,<span class=""no-wrap"" data-price-btc=""75548.0003404989"" data-target=""price.price"">$1,448,490,596</span>,<span class=""no-wrap"" data-price-btc=""155110.56480662894"" data-target=""price.price"">$2,973,952,896</span>,<span class=""no-wrap"" data-price-btc=""0.00302962102898346"" data-coin-id=""12335"" data-coin-symbol=""egld"" data-target=""price.price"">$58.09</span>,<span class=""no-wrap"" data-price-btc=""3097.79047674695"" data-no-decimal=""true"" data-target=""price.price"">$59,395,196</span>,<span class=""no-wrap"" data-price-btc=""71797.9164035534"" data-target=""price.price"">$1,376,589,800</span>,<span class=""no-wrap"" data-price-btc=""95191.95501041875"" data-target=""price.price"">$1,825,126,423</span>,<span class=""no-wrap"" data-price-btc=""0.0000522032923509312"" data-coin-id=""13422"" data-coin-symbol=""frax"" data-target=""price.price"">$1.00</span>,<span class=""no-wrap"" data-price-btc=""808.829827099732"" data-no-decimal=""true"" data-target=""price.price"">$15,507,253</span>,<span class=""no-wrap"" data-price-btc=""71071.4740243227"" data-target=""price.price"">$1,362,708,171</span>,<span class=""no-wrap"" data-price-btc=""71071.47402432271"" data-target=""price.price"">$1,362,708,171</span>,<span class=""no-wrap"" data-price-btc=""0.00022399503609269"" data-coin-id=""24383"" data-coin-symbol=""ape"" data-target=""price.price"">$4.29</span>,<span class=""no-wrap"" data-price-btc=""6413.96805658477"" data-no-decimal=""true"" data-target=""price.price"">$122,971,507</span>,<span class=""no-wrap"" data-price-btc=""70382.6981546623"" data-target=""price.price"">$1,349,437,928</span>,<span class=""no-wrap"" data-price-btc=""223992.6743857976"" data-target=""price.price"">$4,294,581,172</span>,<span class=""no-wrap"" data-price-btc=""0.000255484062485255"" data-coin-id=""14495"" data-coin-symbol=""icp"" data-target=""price.price"">$4.90</span>,<span class=""no-wrap"" data-price-btc=""1881.05906355128"" data-no-decimal=""true"" data-target=""price.price"">$36,066,310</span>,<span class=""no-wrap"" data-price-btc=""68590.4292055722"" data-target=""price.price"">$1,315,112,183</span>,<span class=""no-wrap"" data-price-btc=""119897.80282958469"" data-target=""price.price"">$2,298,849,316</span>,<span class=""no-wrap"" data-price-btc=""0.0000701700550412973"" data-coin-id=""976"" data-coin-symbol=""xtz"" data-target=""price.price"">$1.35</span>,<span class=""no-wrap"" data-price-btc=""1569.98563672531"" data-no-decimal=""true"" data-target=""price.price"">$30,100,477</span>,<span class=""no-wrap"" data-price-btc=""63537.7317027599"" data-target=""price.price"">$1,218,216,318</span>,<span class=""no-wrap"" data-price-btc=""0.00432262167809215"" data-coin-id=""12645"" data-coin-symbol=""aave"" data-target=""price.price"">$82.88</span>,<span class=""no-wrap"" data-price-btc=""9235.1657461325"" data-no-decimal=""true"" data-target=""price.price"">$177,069,587</span>,<span class=""no-wrap"" data-price-btc=""61078.2278712934"" data-target=""price.price"">$1,171,059,965</span>,<span class=""no-wrap"" data-price-btc=""69165.96380171328"" data-target=""price.price"">$1,326,127,067</span>,<span class=""no-wrap"" data-price-btc=""0.0000321822112493865"" data-coin-id=""878"" data-coin-symbol=""mana"" data-target=""price.price"">$0.617043</span>,<span class=""no-wrap"" data-price-btc=""4927.94240893227"" data-no-decimal=""true"" data-target=""price.price"">$94,485,443</span>,<span class=""no-wrap"" data-price-btc=""58359.2138190901"" data-target=""price.price"">$1,118,913,293</span>,<span class=""no-wrap"" data-price-btc=""70594.8166214029"" data-target=""price.price"">$1,353,504,846</span>,<span class=""no-wrap"" data-price-btc=""0.0000386245210686212"" data-coin-id=""12129"" data-coin-symbol=""sand"" data-target=""price.price"">$0.740564</span>,<span class=""no-wrap"" data-price-btc=""5475.24824580903"" data-no-decimal=""true"" data-target=""price.price"">$104,979,160</span>,<span class=""no-wrap"" data-price-btc=""58116.9188953193"" data-target=""price.price"">$1,114,282,444</span>,<span class=""no-wrap"" data-price-btc=""115911.58748709384"" data-target=""price.price"">$2,222,386,346</span>,<span class=""no-wrap"" data-price-btc=""0.0000552343760535016"" data-coin-id=""738"" data-coin-symbol=""eos"" data-target=""price.price"">$1.06</span>,<span class=""no-wrap"" data-price-btc=""8053.47408629718"" data-no-decimal=""true"" data-target=""price.price"">$154,412,533</span>,<span class=""no-wrap"" data-price-btc=""55930.3236306829"" data-target=""price.price"">$1,072,344,511</span>,<span class=""no-wrap"" data-price-btc=""0.000678422175741122"" data-coin-id=""4984"" data-coin-symbol=""tkx"" data-target=""price.price"">$13.01</span>,<span class=""no-wrap"" data-price-btc=""1485.88604832323"" data-no-decimal=""true"" data-target=""price.price"">$28,489,497</span>,<span class=""no-wrap"" data-price-btc=""54260.715199805"" data-target=""price.price"">$1,040,382,530</span>,<span class=""no-wrap"" data-price-btc=""67829.28546402942"" data-target=""price.price"">$1,300,543,190</span>,<span class=""no-wrap"" data-price-btc=""0.000411402671829768"" data-coin-id=""2822"" data-coin-symbol=""ht"" data-target=""price.price"">$7.89</span>,<span class=""no-wrap"" data-price-btc=""1545.64112546167"" data-no-decimal=""true"" data-target=""price.price"">$29,633,733</span>,<span class=""no-wrap"" data-price-btc=""53882.9456626234"" data-target=""price.price"">$1,033,090,411</span>,<span class=""no-wrap"" data-price-btc=""205673.1224672516"" data-target=""price.price"">$3,943,342,887</span>,<span class=""no-wrap"" data-price-btc=""0.000523410913231828"" data-coin-id=""13029"" data-coin-symbol=""axs"" data-target=""price.price"">$10.04</span>,<span class=""no-wrap"" data-price-btc=""4693.06222650255"" data-no-decimal=""true"" data-target=""price.price"">$89,981,990</span>,<span class=""no-wrap"" data-price-btc=""53713.656755538"" data-target=""price.price"">$1,029,858,187</span>,<span class=""no-wrap"" data-price-btc=""141236.2674114379"" data-target=""price.price"">$2,707,939,379</span>,<span class=""no-wrap"" data-price-btc=""0.0000767676647084855"" data-coin-id=""13573"" data-coin-symbol=""ldo"" data-target=""price.price"">$1.47</span>,<span class=""no-wrap"" data-price-btc=""1090.95196383195"" data-no-decimal=""true"" data-target=""price.price"">$20,916,226</span>,<span class=""no-wrap"" data-price-btc=""53531.9737106007"" data-target=""price.price"">$1,026,361,273</span>,<span class=""no-wrap"" data-price-btc=""76742.06406853076"" data-target=""price.price"">$1,471,365,188</span>,<span class=""no-wrap"" data-price-btc=""0.0000520581986203236"" data-coin-id=""2538"" data-coin-symbol=""theta"" data-target=""price.price"">$0.998083</span>,<span class=""no-wrap"" data-price-btc=""1570.9518106341"" data-no-decimal=""true"" data-target=""price.price"">$30,119,001</span>,<span class=""no-wrap"" data-price-btc=""52072.9156410107"" data-target=""price.price"">$998,386,950</span>,<span class=""no-wrap"" data-price-btc=""52072.91564101065"" data-target=""price.price"">$998,386,950</span>,<span class=""no-wrap"" data-price-btc=""0.00000118167723706457"" data-coin-id=""9442"" data-coin-symbol=""cusdc"" data-target=""price.price"">$0.022663629298</span>,<span class=""no-wrap"" data-price-btc=""0.00537277290928622"" data-no-decimal=""true"" data-target=""price.price"">$103.01</span>,<span class=""no-wrap"" data-price-btc=""50887.5360993791"" data-target=""price.price"">$975,982,458</span>,<span class=""no-wrap"" data-price-btc=""0.000386866472563707"" data-coin-id=""26455"" data-coin-symbol=""apt"" data-target=""price.price"">$7.42</span>,<span class=""no-wrap"" data-price-btc=""30130.8868656287"" data-no-decimal=""true"" data-target=""price.price"">$577,711,743</span>,<span class=""no-wrap"" data-price-btc=""50316.3283882321"" data-target=""price.price"">$964,720,815</span>,<span class=""no-wrap"" data-price-btc=""387410.86941255763"" data-target=""price.price"">$7,427,873,649</span>,<span class=""no-wrap"" data-price-btc=""0.0554043546649151"" data-coin-id=""1364"" data-coin-symbol=""mkr"" data-target=""price.price"">$1,062.29</span>,<span class=""no-wrap"" data-price-btc=""3569.09423671121"" data-no-decimal=""true"" data-target=""price.price"">$68,431,695</span>,<span class=""no-wrap"" data-price-btc=""49936.812762428"" data-target=""price.price"">$957,431,740</span>,<span class=""no-wrap"" data-price-btc=""55713.636362929225"" data-target=""price.price"">$1,068,189,995</span>,<span class=""no-wrap"" data-price-btc=""0.000501462477526873"" data-coin-id=""1047"" data-coin-symbol=""kcs"" data-target=""price.price"">$9.61</span>,<span class=""no-wrap"" data-price-btc=""70.7742096670549"" data-no-decimal=""true"" data-target=""price.price"">$1,356,915</span>,<span class=""no-wrap"" data-price-btc=""49005.1611759646"" data-target=""price.price"">$939,595,877</span>,<span class=""no-wrap"" data-price-btc=""0.00000895638436404043"" data-coin-id=""8834"" data-coin-symbol=""chz"" data-target=""price.price"">$0.171724</span>,<span class=""no-wrap"" data-price-btc=""8566.9795365705"" data-no-decimal=""true"" data-target=""price.price"">$164,258,181</span>,<span class=""no-wrap"" data-price-btc=""47893.6530927003"" data-target=""price.price"">$918,258,516</span>,<span class=""no-wrap"" data-price-btc=""79662.46560243297"" data-target=""price.price"">$1,527,357,651</span>,<span class=""no-wrap"" data-price-btc=""0.00249123384663524"" data-coin-id=""6799"" data-coin-symbol=""bsv"" data-target=""price.price"">$47.76</span>,<span class=""no-wrap"" data-price-btc=""822.484632370953"" data-no-decimal=""true"" data-target=""price.price"">$15,769,049</span>,<span class=""no-wrap"" data-price-btc=""47829.4461178608"" data-target=""price.price"">$917,053,415</span>,<span class=""no-wrap"" data-price-btc=""0.0000518317550601024"" data-coin-id=""6013"" data-coin-symbol=""usdp"" data-target=""price.price"">$0.993791</span>,<span class=""no-wrap"" data-price-btc=""1053.6270068332"" data-no-decimal=""true"" data-target=""price.price"">$20,201,619</span>,<span class=""no-wrap"" data-price-btc=""46569.8048227929"" data-target=""price.price"">$892,918,775</span>,<span class=""no-wrap"" data-price-btc=""0.000052123696731107"" data-coin-id=""3449"" data-coin-symbol=""tusd"" data-target=""price.price"">$0.999339</span>,<span class=""no-wrap"" data-price-btc=""1385.64794106962"" data-no-decimal=""true"" data-target=""price.price"">$26,566,271</span>,<span class=""no-wrap"" data-price-btc=""46206.9993780292"" data-target=""price.price"">$885,945,584</span>,<span class=""no-wrap"" data-price-btc=""0.0000000000401303692963049"" data-coin-id=""22457"" data-coin-symbol=""btt"" data-target=""price.price"">$0.000000769436</span>,<span class=""no-wrap"" data-price-btc=""625.005987089338"" data-no-decimal=""true"" data-target=""price.price"">$11,983,494</span>,<span class=""no-wrap"" data-price-btc=""37841.5181550625"" data-target=""price.price"">$725,539,828</span>,<span class=""no-wrap"" data-price-btc=""39740.6284551176"" data-target=""price.price"">$761,951,691</span>,<span class=""no-wrap"" data-price-btc=""0.000052114167419046"" data-coin-id=""25380"" data-coin-symbol=""usdd"" data-target=""price.price"">$0.999156</span>,<span class=""no-wrap"" data-price-btc=""3047.74447240171"" data-no-decimal=""true"" data-target=""price.price"">$58,432,741</span>,<span class=""no-wrap"" data-price-btc=""37796.1419552443"" data-target=""price.price"">$724,669,825</span>,<span class=""no-wrap"" data-price-btc=""0.00000000190605526678159"" data-coin-id=""16646"" data-coin-symbol=""xec"" data-target=""price.price"">$0.000036543757</span>,<span class=""no-wrap"" data-price-btc=""261.405767234969"" data-no-decimal=""true"" data-target=""price.price"">$5,011,790</span>,<span class=""no-wrap"" data-price-btc=""36634.1696737074"" data-target=""price.price"">$702,381,967</span>,<span class=""no-wrap"" data-price-btc=""40062.90123591899"" data-target=""price.price"">$768,120,573</span>,<span class=""no-wrap"" data-price-btc=""0.0000128254101786373"" data-coin-id=""692"" data-coin-symbol=""miota"" data-target=""price.price"">$0.245895</span>,<span class=""no-wrap"" data-price-btc=""473.927156800268"" data-no-decimal=""true"" data-target=""price.price"">$9,086,347</span>,<span class=""no-wrap"" data-price-btc=""35661.9810711852"" data-target=""price.price"">$683,761,661</span>,<span class=""no-wrap"" data-price-btc=""0.000330844974630819"" data-coin-id=""26997"" data-coin-symbol=""ethw"" data-target=""price.price"">$6.34</span>,<span class=""no-wrap"" data-price-btc=""1900.14969063887"" data-no-decimal=""true"" data-target=""price.price"">$36,432,342</span>,<span class=""no-wrap"" data-price-btc=""35348.6910299943"" data-target=""price.price"">$677,735,660</span>,<span class=""no-wrap"" data-price-btc=""35348.59905035984"" data-target=""price.price"">$677,733,896</span>,<span class=""no-wrap"" data-price-btc=""0.00271064285405689"" data-coin-id=""486"" data-coin-symbol=""zec"" data-target=""price.price"">$51.97</span>,<span class=""no-wrap"" data-price-btc=""3789.91539655542"" data-no-decimal=""true"" data-target=""price.price"">$72,665,589</span>,<span class=""no-wrap"" data-price-btc=""35056.4882775016"" data-target=""price.price"">$672,152,301</span>,<span class=""no-wrap"" data-price-btc=""56923.49993519469"" data-target=""price.price"">$1,091,417,405</span>,<span class=""no-wrap"" data-price-btc=""0.000235284125516928"" data-coin-id=""12632"" data-coin-symbol=""cake"" data-target=""price.price"">$4.51</span>,<span class=""no-wrap"" data-price-btc=""2029.08397476792"" data-no-decimal=""true"" data-target=""price.price"">$38,904,452</span>,<span class=""no-wrap"" data-price-btc=""33466.9113292461"" data-target=""price.price"">$641,664,983</span>,<span class=""no-wrap"" data-price-btc=""176447.31317056972"" data-target=""price.price"">$3,383,044,853</span>,<span class=""no-wrap"" data-price-btc=""0.000228472890979375"" data-coin-id=""8183"" data-coin-symbol=""gt"" data-target=""price.price"">$4.38</span>,<span class=""no-wrap"" data-price-btc=""108.950336565468"" data-no-decimal=""true"" data-target=""price.price"">$2,088,845</span>,<span class=""no-wrap"" data-price-btc=""33214.8900611633"" data-target=""price.price"">$636,842,590</span>,<span class=""no-wrap"" data-price-btc=""0.00000115241723425635"" data-coin-id=""9281"" data-coin-symbol=""cdai"" data-target=""price.price"">$0.022102445722</span>,<span class=""no-wrap"" data-price-btc=""0.0224250340143412"" data-no-decimal=""true"" data-target=""price.price"">$429.96</span>,<span class=""no-wrap"" data-price-btc=""32859.1707234405"" data-target=""price.price"">$630,212,753</span>,<span class=""no-wrap"" data-price-btc=""0.00000421228909606932"" data-coin-id=""13397"" data-coin-symbol=""grt"" data-target=""price.price"">$0.080759918652</span>,<span class=""no-wrap"" data-price-btc=""1301.88928503935"" data-no-decimal=""true"" data-target=""price.price"">$24,960,412</span>,<span class=""no-wrap"" data-price-btc=""31185.1788288504"" data-target=""price.price"">$597,909,205</span>,<span class=""no-wrap"" data-price-btc=""42140.57801278868"" data-target=""price.price"">$807,955,588</span>,<span class=""no-wrap"" data-price-btc=""0.000410675328814504"" data-coin-id=""480"" data-coin-symbol=""neo"" data-target=""price.price"">$7.87</span>,<span class=""no-wrap"" data-price-btc=""1296.69328126841"" data-no-decimal=""true"" data-target=""price.price"">$24,862,027</span>,<span class=""no-wrap"" data-price-btc=""28969.2859830324"" data-target=""price.price"">$555,424,192</span>,<span class=""no-wrap"" data-price-btc=""0.000120118556802073"" data-coin-id=""3406"" data-coin-symbol=""snx"" data-target=""price.price"">$2.30</span>,<span class=""no-wrap"" data-price-btc=""4299.7509263348"" data-no-decimal=""true"" data-target=""price.price"">$82,440,872</span>,<span class=""no-wrap"" data-price-btc=""28922.8558694845"" data-target=""price.price"">$554,533,994</span>,<span class=""no-wrap"" data-price-btc=""36502.99151879966"" data-target=""price.price"">$699,866,906</span>,<span class=""no-wrap"" data-price-btc=""0.000219816167432075"" data-coin-id=""4284"" data-coin-symbol=""hnt"" data-target=""price.price"">$4.21</span>,<span class=""no-wrap"" data-price-btc=""143.853011543655"" data-no-decimal=""true"" data-target=""price.price"">$2,758,015</span>,<span class=""no-wrap"" data-price-btc=""28751.2393385333"" data-target=""price.price"">$551,243,613</span>,<span class=""no-wrap"" data-price-btc=""49024.586647530385"" data-target=""price.price"">$939,941,752</span>,<span class=""no-wrap"" data-price-btc=""0.000060807667641602"" data-coin-id=""16724"" data-coin-symbol=""osmo"" data-target=""price.price"">$1.17</span>,<span class=""no-wrap"" data-price-btc=""438.060973761411"" data-no-decimal=""true"" data-target=""price.price"">$8,399,121</span>,<span class=""no-wrap"" data-price-btc=""28382.7920675741"" data-target=""price.price"">$544,205,157</span>,<span class=""no-wrap"" data-price-btc=""60798.03352912648"" data-target=""price.price"">$1,165,727,575</span>,<span class=""no-wrap"" data-price-btc=""0.00135661383340557"" data-coin-id=""10643"" data-coin-symbol=""ceth"" data-target=""price.price"">$26.03</span>,<span class=""no-wrap"" data-price-btc=""0.00147096287826398"" data-no-decimal=""true"" data-target=""price.price"">$28.20</span>,<span class=""no-wrap"" data-price-btc=""28115.246308576"" data-target=""price.price"">$539,478,165</span>,<span class=""no-wrap"" data-price-btc=""28115.246308575985"" data-target=""price.price"">$539,478,165</span>,<span class=""no-wrap"" data-price-btc=""0.00000271719034175454"" data-coin-id=""4374"" data-coin-symbol=""xrd"" data-target=""price.price"">$0.052095206658</span>,<span class=""no-wrap"" data-price-btc=""15.5106136886521"" data-no-decimal=""true"" data-target=""price.price"">$297,377</span>,<span class=""no-wrap"" data-price-btc=""27211.380614954"" data-target=""price.price"">$521,734,863</span>,<span class=""no-wrap"" data-price-btc=""65234.84728102286"" data-target=""price.price"">$1,250,774,247</span>,<span class=""no-wrap"" data-price-btc=""0.0000826084308986091"" data-coin-id=""24023"" data-coin-symbol=""evmos"" data-target=""price.price"">$1.58</span>,<span class=""no-wrap"" data-price-btc=""93.0171612102523"" data-no-decimal=""true"" data-target=""price.price"">$1,783,367</span>,<span class=""no-wrap"" data-price-btc=""26934.9932062732"" data-target=""price.price"">$516,420,972</span>,<span class=""no-wrap"" data-price-btc=""82601.1235477207"" data-target=""price.price"">$1,583,700,141</span>,<span class=""no-wrap"" data-price-btc=""0.0000105453780538609"" data-coin-id=""4001"" data-coin-symbol=""ftm"" data-target=""price.price"">$0.202191</span>,<span class=""no-wrap"" data-price-btc=""5196.53321218134"" data-no-decimal=""true"" data-target=""price.price"">$99,635,244</span>,<span class=""no-wrap"" data-price-btc=""26796.3185003828"" data-target=""price.price"">$513,768,931</span>,<span class=""no-wrap"" data-price-btc=""33480.203767563544"" data-target=""price.price"">$641,919,840</span>,<span class=""no-wrap"" data-price-btc=""0.000522633628226513"" data-coin-id=""4343"" data-coin-symbol=""ar"" data-target=""price.price"">$10.02</span>,<span class=""no-wrap"" data-price-btc=""554.749677656549"" data-no-decimal=""true"" data-target=""price.price"">$10,635,913</span>,<span class=""no-wrap"" data-price-btc=""26183.4787259989"" data-target=""price.price"">$502,036,026</span>,<span class=""no-wrap"" data-price-btc=""34487.352982851626"" data-target=""price.price"">$661,252,610</span>,<span class=""no-wrap"" data-price-btc=""0.0000465453300535439"" data-coin-id=""3695"" data-coin-symbol=""nexo"" data-target=""price.price"">$0.892388</span>,<span class=""no-wrap"" data-price-btc=""222.460937603188"" data-no-decimal=""true"" data-target=""price.price"">$4,265,122</span>,<span class=""no-wrap"" data-price-btc=""26096.5753730069"" data-target=""price.price"">$500,346,101</span>,<span class=""no-wrap"" data-price-btc=""46601.0266191043"" data-target=""price.price"">$893,475,164</span>,<span class=""no-wrap"" data-price-btc=""0.0848661102795449"" data-coin-id=""9519"" data-coin-symbol=""paxg"" data-target=""price.price"">$1,627.17</span>,<span class=""no-wrap"" data-price-btc=""337.370517685917"" data-no-decimal=""true"" data-target=""price.price"">$6,468,542</span>,<span class=""no-wrap"" data-price-btc=""25782.4556794595"" data-target=""price.price"">$494,337,504</span>,<span class=""no-wrap"" data-price-btc=""0.000965426528515221"" data-coin-id=""19785"" data-coin-symbol=""ens"" data-target=""price.price"">$18.51</span>,<span class=""no-wrap"" data-price-btc=""2761.348901294"" data-no-decimal=""true"" data-target=""price.price"">$52,941,835</span>,<span class=""no-wrap"" data-price-btc=""24895.7783435441"" data-target=""price.price"">$477,323,382</span>,<span class=""no-wrap"" data-price-btc=""96558.01509553369"" data-target=""price.price"">$1,851,293,730</span>,<span class=""no-wrap"" data-price-btc=""0.0000451804332505645"" data-coin-id=""12124"" data-coin-symbol=""crv"" data-target=""price.price"">$0.866263</span>,<span class=""no-wrap"" data-price-btc=""3717.54420587496"" data-no-decimal=""true"" data-target=""price.price"">$71,277,986</span>,<span class=""no-wrap"" data-price-btc=""24577.925052999"" data-target=""price.price"">$471,235,415</span>,<span class=""no-wrap"" data-price-btc=""149224.7542980814"" data-target=""price.price"">$2,861,103,567</span>,<span class=""no-wrap"" data-price-btc=""0.0000225339444766062"" data-coin-id=""17627"" data-coin-symbol=""bit"" data-target=""price.price"">$0.432031</span>,<span class=""no-wrap"" data-price-btc=""583.227509662475"" data-no-decimal=""true"" data-target=""price.price"">$11,181,903</span>,<span class=""no-wrap"" data-price-btc=""24224.5791709809"" data-target=""price.price"">$464,460,673</span>,<span class=""no-wrap"" data-price-btc=""225259.6846456852"" data-target=""price.price"">$4,318,930,128</span>,<span class=""no-wrap"" data-price-btc=""0.000057852859761232"" data-coin-id=""11085"" data-coin-symbol=""twt"" data-target=""price.price"">$1.11</span>,<span class=""no-wrap"" data-price-btc=""736.563104702839"" data-no-decimal=""true"" data-target=""price.price"">$14,121,722</span>,<span class=""no-wrap"" data-price-btc=""24104.4459019083"" data-target=""price.price"">$462,164,341</span>,<span class=""no-wrap"" data-price-btc=""0.0000015528414865449"" data-coin-id=""2687"" data-coin-symbol=""zil"" data-target=""price.price"">$0.029773261102</span>,<span class=""no-wrap"" data-price-btc=""2844.14792780509"" data-no-decimal=""true"" data-target=""price.price"">$54,532,004</span>,<span class=""no-wrap"" data-price-btc=""23250.8236069187"" data-target=""price.price"">$445,784,888</span>,<span class=""no-wrap"" data-price-btc=""32609.797566983827"" data-target=""price.price"">$625,223,227</span>,<span class=""no-wrap"" data-price-btc=""0.00210481860966875"" data-coin-id=""19"" data-coin-symbol=""dash"" data-target=""price.price"">$40.36</span>,<span class=""no-wrap"" data-price-btc=""1692.79750721685"" data-no-decimal=""true"" data-target=""price.price"">$32,456,695</span>,<span class=""no-wrap"" data-price-btc=""23078.1707362175"" data-target=""price.price"">$442,487,150</span>,<span class=""no-wrap"" data-price-btc=""0.0000767207685242064"" data-coin-id=""6595"" data-coin-symbol=""rune"" data-target=""price.price"">$1.47</span>,<span class=""no-wrap"" data-price-btc=""2075.1521695804"" data-no-decimal=""true"" data-target=""price.price"">$39,785,759</span>,<span class=""no-wrap"" data-price-btc=""23069.9079990418"" data-target=""price.price"">$442,328,725</span>,<span class=""no-wrap"" data-price-btc=""38360.26764020872"" data-target=""price.price"">$735,497,006</span>,<span class=""no-wrap"" data-price-btc=""0.00000216587650809004"" data-coin-id=""15279"" data-coin-symbol=""cspr"" data-target=""price.price"">$0.041525167579</span>,<span class=""no-wrap"" data-price-btc=""1166.9622940863"" data-no-decimal=""true"" data-target=""price.price"">$22,373,531</span>,<span class=""no-wrap"" data-price-btc=""22622.5218879673"" data-target=""price.price"">$433,738,544</span>,<span class=""no-wrap"" data-price-btc=""24341.12078947473"" data-target=""price.price"">$466,689,008</span>,<span class=""no-wrap"" data-price-btc=""0.00000161702843475835"" data-coin-id=""2912"" data-coin-symbol=""xdc"" data-target=""price.price"">$0.031002403176</span>,<span class=""no-wrap"" data-price-btc=""214.7163892642"" data-no-decimal=""true"" data-target=""price.price"">$4,116,640</span>,<span class=""no-wrap"" data-price-btc=""22306.2657147329"" data-target=""price.price"">$427,680,626</span>,<span class=""no-wrap"" data-price-btc=""0.0000222456861628965"" data-coin-id=""1102"" data-coin-symbol=""enj"" data-target=""price.price"">$0.426526</span>,<span class=""no-wrap"" data-price-btc=""1309.16971430353"" data-no-decimal=""true"" data-target=""price.price"">$25,101,243</span>,<span class=""no-wrap"" data-price-btc=""22250.6821602913"" data-target=""price.price"">$426,614,916</span>,<span class=""no-wrap"" data-price-btc=""22250.68216029132"" data-target=""price.price"">$426,614,916</span>,<span class=""no-wrap"" data-price-btc=""0.0000735713359191325"" data-coin-id=""9761"" data-coin-symbol=""kava"" data-target=""price.price"">$1.41</span>,<span class=""no-wrap"" data-price-btc=""617.525932283466"" data-no-decimal=""true"" data-target=""price.price"">$11,839,487</span>,<span class=""no-wrap"" data-price-btc=""21975.4367624158"" data-target=""price.price"">$421,332,069</span>,<span class=""no-wrap"" data-price-btc=""0.0000145834984305116"" data-coin-id=""677"" data-coin-symbol=""bat"" data-target=""price.price"">$0.279615</span>,<span class=""no-wrap"" data-price-btc=""2121.79582943822"" data-no-decimal=""true"" data-target=""price.price"">$40,682,054</span>,<span class=""no-wrap"" data-price-btc=""21836.8466094818"" data-target=""price.price"">$418,694,697</span>,<span class=""no-wrap"" data-price-btc=""21876.73113661254"" data-target=""price.price"">$419,459,434</span>,<span class=""no-wrap"" data-price-btc=""0.0000512514428092994"" data-coin-id=""3263"" data-coin-symbol=""cel"" data-target=""price.price"">$0.982616</span>,<span class=""no-wrap"" data-price-btc=""372.457890805199"" data-no-decimal=""true"" data-target=""price.price"">$7,140,932</span>,<span class=""no-wrap"" data-price-btc=""21686.5453640985"" data-target=""price.price"">$415,812,856</span>,<span class=""no-wrap"" data-price-btc=""0.000321081626311177"" data-coin-id=""13423"" data-coin-symbol=""fxs"" data-target=""price.price"">$6.16</span>,<span class=""no-wrap"" data-price-btc=""465.300612234549"" data-no-decimal=""true"" data-target=""price.price"">$8,921,398</span>,<span class=""no-wrap"" data-price-btc=""21638.7877774261"" data-target=""price.price"">$414,877,544</span>,<span class=""no-wrap"" data-price-btc=""32022.440688516257"" data-target=""price.price"">$613,961,913</span>,<span class=""no-wrap"" data-price-btc=""0.00000700874181833296"" data-coin-id=""9672"" data-coin-symbol=""klay"" data-target=""price.price"">$0.134375</span>,<span class=""no-wrap"" data-price-btc=""1278.1727945707"" data-no-decimal=""true"" data-target=""price.price"">$24,505,709</span>,<span class=""no-wrap"" data-price-btc=""21615.7448906743"" data-target=""price.price"">$414,435,746</span>,<span class=""no-wrap"" data-price-btc=""0.0867766836566313"" data-coin-id=""10481"" data-coin-symbol=""xaut"" data-target=""price.price"">$1,663.72</span>,<span class=""no-wrap"" data-price-btc=""41.7170623783378"" data-no-decimal=""true"" data-target=""price.price"">$799,818</span>,<span class=""no-wrap"" data-price-btc=""21392.563798073"" data-target=""price.price"">$410,168,322</span>,<span class=""no-wrap"" data-price-btc=""0.00113170869605183"" data-coin-id=""2090"" data-coin-symbol=""rpl"" data-target=""price.price"">$21.70</span>,<span class=""no-wrap"" data-price-btc=""98.0126695511074"" data-no-decimal=""true"" data-target=""price.price"">$1,879,143</span>,<span class=""no-wrap"" data-price-btc=""21335.4959660288"" data-target=""price.price"">$409,067,945</span>,<span class=""no-wrap"" data-price-btc=""21335.49596602883"" data-target=""price.price"">$409,067,945</span>"
